experiment_id,episode_id,winner,final_vp,steps,rl_damage,enemy_damage
exp_hrl_v1,0,US,12,79,0,0
exp_hrl_v1,1,US,0,37,0,0
exp_hrl_v1,2,US,0,34,0,0
exp_hrl_v1,3,US,0,27,0,0
exp_hrl_v1,4,US,4,77,0,0
exp_hrl_v1,5,US,0,64,0,0
exp_hrl_v1,6,US,12,73,0,0
exp_hrl_v1,7,US,0,35,0,0
exp_hrl_v1,8,US,4,55,0,0
exp_hrl_v1,9,US,20,97,0,0
exp_hrl_v1,10,US,12,77,0,0
exp_hrl_v1,11,US,4,80,0,0
exp_hrl_v1,12,US,12,74,0,0
exp_hrl_v1,13,US,12,85,0,0
exp_hrl_v1,14,US,0,35,0,0
exp_hrl_v1,15,US,8,67,0,0
exp_hrl_v1,16,US,8,61,0,0
exp_hrl_v1,17,US,0,36,0,0
exp_hrl_v1,18,US,0,26,0,0
exp_hrl_v1,19,US,4,82,0,0
exp_hrl_v1,20,US,0,74,0,0
exp_hrl_v1,21,US,8,78,0,0
exp_hrl_v1,22,US,4,64,0,0
exp_hrl_v1,23,US,8,75,0,0
exp_hrl_v1,24,US,12,86,0,0
exp_hrl_v1,25,US,8,65,0,0
exp_hrl_v1,26,US,0,33,0,0
exp_hrl_v1,27,US,4,57,0,0
exp_hrl_v1,28,US,0,63,0,0
exp_hrl_v1,29,US,0,43,0,0
exp_hrl_v1,30,US,0,47,0,0
exp_hrl_v1,31,US,0,34,0,0
exp_hrl_v1,32,US,16,93,0,0
exp_hrl_v1,33,US,0,72,0,0
exp_hrl_v1,34,US,0,49,0,0
exp_hrl_v1,35,US,0,89,0,0
exp_hrl_v1,36,US,0,45,0,0
exp_hrl_v1,37,US,8,68,0,0
exp_hrl_v1,38,US,4,67,0,0
exp_hrl_v1,39,US,12,74,0,0
exp_hrl_v1,40,US,8,52,0,0
exp_hrl_v1,41,US,16,87,0,0
exp_hrl_v1,42,US,0,39,0,0
exp_hrl_v1,43,US,0,38,0,0
exp_hrl_v1,44,US,12,85,0,0
exp_hrl_v1,45,US,0,61,0,0
exp_hrl_v1,46,US,0,65,0,0
exp_hrl_v1,47,US,4,65,0,0
exp_hrl_v1,48,US,4,70,0,0
exp_hrl_v1,49,US,4,76,0,0
exp_hrl_v1,50,US,8,73,0,0
exp_hrl_v1,51,US,16,96,0,0
exp_hrl_v1,52,US,0,59,0,0
exp_hrl_v1,53,US,0,75,0,0
exp_hrl_v1,54,US,8,87,0,0
exp_hrl_v1,55,US,0,37,0,0
exp_hrl_v1,56,US,8,64,0,0
exp_hrl_v1,57,US,4,65,0,0
exp_hrl_v1,58,US,0,42,0,0
exp_hrl_v1,59,US,0,62,0,0
exp_hrl_v1,60,US,8,61,0,0
exp_hrl_v1,61,US,4,44,0,0
exp_hrl_v1,62,US,12,82,0,0
exp_hrl_v1,63,US,4,49,0,0
exp_hrl_v1,64,US,0,50,0,0
exp_hrl_v1,65,US,4,66,0,0
exp_hrl_v1,66,US,0,50,0,0
exp_hrl_v1,67,US,4,60,0,0
exp_hrl_v1,68,US,12,76,0,0
exp_hrl_v1,69,US,0,46,0,0
exp_hrl_v1,70,US,8,69,0,0
exp_hrl_v1,71,US,4,62,0,0
exp_hrl_v1,72,US,4,57,0,0
exp_hrl_v1,73,US,16,85,0,0
exp_hrl_v1,74,US,8,76,0,0
exp_hrl_v1,75,US,0,55,0,0
exp_hrl_v1,76,US,12,76,0,0
exp_hrl_v1,77,US,0,34,0,0
exp_hrl_v1,78,US,0,49,0,0
exp_hrl_v1,79,US,20,87,0,0
exp_hrl_v1,80,US,0,49,0,0
exp_hrl_v1,81,US,0,27,0,0
exp_hrl_v1,82,US,12,74,0,0
exp_hrl_v1,83,US,8,65,0,0
exp_hrl_v1,84,US,0,40,0,0
exp_hrl_v1,85,US,0,63,0,0
exp_hrl_v1,86,US,0,43,0,0
exp_hrl_v1,87,,24,118,0,0
exp_hrl_v1,88,US,4,50,0,0
exp_hrl_v1,89,US,0,55,0,0
exp_hrl_v1,90,US,8,78,0,0
exp_hrl_v1,91,US,8,57,0,0
exp_hrl_v1,92,US,4,83,0,0
exp_hrl_v1,93,US,0,44,0,0
exp_hrl_v1,94,US,4,64,0,0
exp_hrl_v1,95,US,16,86,0,0
exp_hrl_v1,96,US,4,72,0,0
exp_hrl_v1,97,US,8,82,0,0
exp_hrl_v1,98,US,12,74,0,0
exp_hrl_v1,99,US,0,61,0,0
exp_hrl_v1,100,US,4,76,0,0
exp_hrl_v1,101,US,8,64,0,0
exp_hrl_v1,102,US,20,92,0,0
exp_hrl_v1,103,US,16,89,0,0
exp_hrl_v1,104,US,0,67,0,0
exp_hrl_v1,105,US,12,74,0,0
exp_hrl_v1,106,US,12,67,0,0
exp_hrl_v1,107,US,0,38,0,0
exp_hrl_v1,108,US,12,76,0,0
exp_hrl_v1,109,US,8,60,0,0
exp_hrl_v1,110,US,12,76,0,0
exp_hrl_v1,111,US,4,73,0,0
exp_hrl_v1,112,US,8,66,0,0
exp_hrl_v1,113,US,12,75,0,0
exp_hrl_v1,114,US,4,46,0,0
exp_hrl_v1,115,US,12,68,0,0
exp_hrl_v1,116,US,20,95,0,0
exp_hrl_v1,117,US,4,64,0,0
exp_hrl_v1,118,US,4,62,0,0
exp_hrl_v1,119,US,4,65,0,0
exp_hrl_v1,120,US,12,74,0,0
exp_hrl_v1,121,US,0,66,0,0
exp_hrl_v1,122,US,12,75,0,0
exp_hrl_v1,123,US,8,61,0,0
exp_hrl_v1,124,US,0,50,0,0
exp_hrl_v1,125,US,16,80,0,0
exp_hrl_v1,126,US,12,76,0,0
exp_hrl_v1,127,US,0,37,0,0
exp_hrl_v1,128,US,0,64,0,0
exp_hrl_v1,129,US,16,76,0,0
exp_hrl_v1,130,US,0,35,0,0
exp_hrl_v1,131,US,20,96,0,0
exp_hrl_v1,132,US,16,76,0,0
exp_hrl_v1,133,US,12,74,0,0
exp_hrl_v1,134,US,12,80,0,0
exp_hrl_v1,135,US,4,85,0,0
exp_hrl_v1,136,,28,123,0,0
exp_hrl_v1,137,US,0,43,0,0
exp_hrl_v1,138,US,4,48,0,0
exp_hrl_v1,139,US,4,66,0,0
exp_hrl_v1,140,US,8,75,0,0
exp_hrl_v1,141,US,16,77,0,0
exp_hrl_v1,142,US,12,74,0,0
exp_hrl_v1,143,US,4,62,0,0
exp_hrl_v1,144,US,0,53,0,0
exp_hrl_v1,145,US,0,63,0,0
exp_hrl_v1,146,US,12,74,0,0
exp_hrl_v1,147,US,4,70,0,0
exp_hrl_v1,148,US,8,70,0,0
exp_hrl_v1,149,US,12,99,0,0
exp_hrl_v1,150,US,12,76,0,0
exp_hrl_v1,151,US,12,75,0,0
exp_hrl_v1,152,US,4,85,0,0
exp_hrl_v1,153,US,12,80,0,0
exp_hrl_v1,154,US,12,75,0,0
exp_hrl_v1,155,US,8,77,0,0
exp_hrl_v1,156,US,4,80,0,0
exp_hrl_v1,157,US,16,102,0,0
exp_hrl_v1,158,US,4,67,0,0
exp_hrl_v1,159,US,16,80,0,0
exp_hrl_v1,160,US,0,59,0,0
exp_hrl_v1,161,US,12,93,0,0
exp_hrl_v1,162,US,4,81,0,0
exp_hrl_v1,163,US,12,91,0,0
exp_hrl_v1,164,US,8,56,0,0
exp_hrl_v1,165,US,12,79,0,0
exp_hrl_v1,166,US,0,91,0,0
exp_hrl_v1,167,US,0,45,0,0
exp_hrl_v1,168,US,8,63,0,0
exp_hrl_v1,169,US,4,66,0,0
exp_hrl_v1,170,US,4,48,0,0
exp_hrl_v1,171,US,12,84,0,0
exp_hrl_v1,172,US,8,58,0,0
exp_hrl_v1,173,,4,106,0,0
exp_hrl_v1,174,US,0,64,0,0
exp_hrl_v1,175,US,0,35,0,0
exp_hrl_v1,176,US,8,77,0,0
exp_hrl_v1,177,US,0,37,0,0
exp_hrl_v1,178,US,16,91,0,0
exp_hrl_v1,179,US,0,32,0,0
exp_hrl_v1,180,US,20,107,0,0
exp_hrl_v1,181,US,4,64,0,0
exp_hrl_v1,182,US,4,97,0,0
exp_hrl_v1,183,US,0,57,0,0
exp_hrl_v1,184,US,8,77,0,0
exp_hrl_v1,185,,28,132,0,0
exp_hrl_v1,186,US,12,77,0,0
exp_hrl_v1,187,US,8,67,0,0
exp_hrl_v1,188,US,0,50,0,0
exp_hrl_v1,189,US,0,79,0,0
exp_hrl_v1,190,US,12,77,0,0
exp_hrl_v1,191,US,12,86,0,0
exp_hrl_v1,192,US,0,42,0,0
exp_hrl_v1,193,US,16,89,0,0
exp_hrl_v1,194,US,0,35,0,0
exp_hrl_v1,195,US,16,83,0,0
exp_hrl_v1,196,US,4,83,0,0
exp_hrl_v1,197,US,0,36,0,0
exp_hrl_v1,198,US,12,75,0,0
exp_hrl_v1,199,US,0,42,0,0
